"abc","123123123123","1/07/2029","1/01/1995","24","Male","Normal"
"abc","123123123123","1/07/2029","1/01/1995","24","Male","Normal"
pppp,123451234512,1/01/2033,1/01/1995,24,Male,Normal
abab,123456123456,1/01/2023,1/01/1995,24,Male,Normal
abvhd,123123412345,1/01/2026,1/01/1995,24,Male,Normal
abvhd,123123412345,1/01/2026,1/01/1995,24,Male,Normal
asdfgh,989898989898,1/01/2032,1/01/1995,24,Male,Normal
abfghuyio,878787878787,1/01/2032,1/01/1995,24,Male,Normal
ahcvmdsh,878787878787,1/01/2032,1/01/1995,24,Male,Normal
ahcvmdsh,878787878787,1/01/2032,1/01/1995,24,Male,Normal
sdjcbhsdc,123456789095,1/01/2030,1/01/1995,24,Male,Normal
qwerty,565656565656,1/01/2030,1/01/1995,24,Male,Normal
shmdgcv,545454545454,1/01/2031,1/01/1995,24,Male,Normal
shmdgcv,545454545454,1/01/2031,1/01/1995,24,Male,Normal
Pri,123423453456,1/01/2032,1/01/1995,24,Male,Normal
ahgcv,123456234567,1/01/2033,1/01/1995,24,Male,Normal
ahgsdcva,123456234567,1/01/2031,1/01/1995,24,Male,Normal
ahgsdcva,123456234567,1/01/2031,1/01/1995,24,Male,Normal
djvhsdasdsd,123423453456,1/01/2032,1/01/1995,24,Male,Normal
